Time,S0Read,S0Write,S1Read,S1Write
06:03:47,5014313.50,7066761.00,135145.53,108454.91
06:03:49,262.19,100.84,219.43,193.32
06:03:51,253.11,66.51,224.48,202.48
06:03:53,24.78,20.74,77.48,49.19
06:03:55,15.46,14.39,16.73,17.33
06:03:57,13.89,13.99,22.06,19.65
06:03:59,64.47,51.64,75.68,61.82
06:04:01,363.72,293.21,320.49,260.97
06:04:03,785.27,671.58,375.59,277.67
06:04:05,260.21,222.53,280.97,239.99
06:04:07,1389.46,1677.82,2792.85,3028.10
06:04:09,1529.97,1452.88,3924.78,3361.77
06:04:11,43.63,38.76,672.17,367.51
06:04:13,16.00,15.73,28.02,24.70
06:04:15,308.22,40.78,501.08,42.02
06:04:17,1511.92,978.09,281.47,50.60
06:04:19,6573.01,5633.42,2283.18,1982.77
06:04:21,4565.69,4407.84,6393.77,4051.07
06:04:23,4435.16,4327.21,3807.60,2079.05
06:04:25,4274.77,4274.90,3295.20,1921.67
06:04:27,4109.00,4136.85,3085.28,1913.25
06:04:29,4649.22,4276.95,3290.82,1865.91
06:04:31,4201.12,4205.34,3134.95,1875.51
06:04:33,4224.65,4214.02,3022.45,1855.78
06:04:35,4181.10,4171.59,3008.97,1835.08
06:04:37,4184.64,4172.22,3027.74,1838.57
06:04:39,4205.23,4194.83,3006.61,1824.33
06:04:41,4179.27,4181.23,3030.98,1852.78
06:04:43,4172.29,4166.27,2988.49,1820.03
06:04:45,4180.80,4173.03,3026.93,1828.72
06:04:47,4287.21,4240.13,3035.98,1843.05
06:04:49,4179.90,4166.53,3091.05,1883.57
06:04:51,4260.98,4198.25,2981.93,1801.50
06:04:53,4836.65,4585.02,3053.90,1845.57
06:04:55,4496.77,4284.28,3077.39,1843.54
06:04:57,4195.20,4163.08,3149.09,1898.71
06:04:59,4281.18,4207.25,3045.04,1855.62
06:05:01,5123.56,4306.83,3487.36,2095.81
06:05:03,4417.22,4320.33,3638.05,1997.77
06:05:05,4304.44,4245.13,3803.68,2018.72
06:05:07,4323.07,4237.58,3224.91,1863.63
06:05:09,4213.56,4168.46,3060.81,1838.00
06:05:11,4261.40,4193.15,3047.62,1830.38
06:05:13,4161.84,4147.67,3067.91,1847.52
06:05:15,4218.51,4177.73,2987.17,1790.26
06:05:17,4232.16,4190.29,3031.36,1823.14
06:05:19,4254.39,4203.51,3059.65,1836.14
06:05:21,4172.91,4149.77,3071.11,1844.21
06:05:23,4212.09,4171.39,3020.57,1807.05
06:05:25,4215.20,4180.47,3031.97,1812.71
06:05:27,4243.21,4187.19,3054.34,1836.11
06:05:29,4201.67,4170.04,3031.62,1815.89
06:05:31,4227.56,4188.05,2998.86,1790.75
06:05:33,5045.37,4301.60,3366.01,1902.35
06:05:35,4295.44,4253.59,3670.24,1897.39
06:05:37,4269.80,4231.38,3733.39,1907.72
06:05:39,4216.07,4172.33,3058.31,1817.68
06:05:41,4248.79,4189.75,3061.20,1829.30
06:05:43,4213.88,4167.89,3093.04,1855.47
06:05:45,4191.16,4155.56,3059.56,1827.39
06:05:47,4219.94,4176.44,3045.22,1821.99
06:05:49,4263.81,4204.05,3045.39,1825.11
06:05:51,4222.99,4169.98,3087.23,1849.54
06:05:53,4208.23,4156.25,3068.55,1827.99
06:05:55,4218.57,4167.09,3044.79,1815.17
06:05:57,4254.52,4186.38,3097.45,1856.28
06:05:59,4202.33,4161.46,3078.37,1848.37
06:06:01,4208.70,4165.12,3051.01,1821.63
06:06:03,4837.63,4228.25,3142.21,1866.20
06:06:05,4656.13,4283.52,3647.36,1937.30
06:06:07,4237.67,4237.40,3893.87,1937.77
06:06:09,4224.28,4192.58,3368.92,1848.80
06:06:11,4231.26,4176.01,3074.32,1829.68
06:06:13,4245.44,4178.30,3076.21,1848.41
06:06:15,4200.38,4142.41,3040.76,1834.82
06:06:17,4274.03,4174.43,3012.22,1827.05
06:06:19,4266.77,4178.53,3012.29,1810.55
06:06:21,4248.75,4181.05,3093.91,1846.11
06:06:23,4196.69,4152.67,3103.70,1838.63
06:06:25,4201.28,4164.33,3090.03,1815.55
06:06:27,4191.09,4156.42,3082.18,1830.63
06:06:29,4244.72,4186.00,3087.83,1836.08
06:06:31,4171.58,4154.07,3058.91,1820.80
06:06:33,4207.67,4170.72,3039.36,1814.33
06:06:35,4809.57,4223.22,3131.01,1854.71
06:06:37,4240.01,4178.54,3082.92,1850.22
06:06:39,4274.53,4166.43,3080.25,1842.52
06:06:41,4643.73,4292.43,3900.76,1936.03
06:06:43,4306.35,4272.49,4094.89,1943.35
06:06:45,4199.06,4163.26,3086.35,1837.16
06:06:47,4174.26,4152.43,3107.61,1847.61
06:06:49,4196.49,4177.56,3089.95,1822.10
06:06:51,4199.45,4170.91,3116.34,1843.48
06:06:53,4230.44,4171.29,3117.81,1853.49
06:06:55,4232.61,4161.15,3081.28,1831.95
06:06:57,4227.81,4172.98,3097.77,1829.87
06:06:59,4224.18,4172.84,3133.23,1840.22
06:07:01,4165.69,4162.77,3116.81,1828.65
06:07:03,4146.06,4156.29,3137.34,1846.60
06:07:05,4301.19,4184.88,3102.28,1823.74
06:07:07,4191.12,4181.38,3148.59,1853.74
06:07:09,4707.52,4210.15,3178.64,1850.54
06:07:11,4193.89,4178.26,3130.98,1828.19
06:07:13,4197.03,4184.93,3129.10,1832.00
06:07:15,4518.99,4235.06,3402.11,1888.51
06:07:17,4345.94,4267.61,4196.21,1969.41
06:07:19,4234.03,4235.02,3579.15,1876.74
06:07:21,4165.98,4174.22,3103.35,1822.61
06:07:23,4204.84,4186.65,3126.78,1845.34
06:07:25,4178.30,4158.33,3109.57,1831.90
06:07:27,4179.11,4165.53,3119.08,1829.13
06:07:29,4161.99,4150.83,3114.90,1820.25
06:07:31,4186.01,4179.07,3119.07,1827.16
06:07:33,4153.64,4165.39,3109.34,1829.46
06:07:35,4323.73,4197.44,3109.55,1828.32
06:07:37,4162.37,4158.31,3097.43,1831.75
06:07:39,4233.70,4187.12,3093.69,1836.56
06:07:41,5215.79,4275.41,3237.67,1940.70
06:07:43,4355.61,4186.78,3108.80,1851.15
06:07:45,4201.13,4143.36,3052.72,1820.42
06:07:47,4496.77,4232.70,3286.63,1876.21
06:07:49,4442.62,4272.56,4082.96,1947.84
06:07:51,4263.31,4216.66,3466.67,1858.71
06:07:53,4231.75,4172.63,3065.93,1832.10
06:07:55,4251.56,4184.06,3054.34,1819.46
06:07:57,4214.39,4154.61,3087.47,1845.16
06:07:59,4226.78,4162.97,3068.86,1820.22
06:08:01,4236.87,4164.74,3049.70,1816.68
06:08:03,4215.57,4162.66,3066.72,1831.45
06:08:05,4194.27,4153.69,3063.27,1830.84
06:08:07,4349.90,4185.01,3071.77,1842.23
06:08:09,4240.22,4181.94,3054.38,1825.38
06:08:11,4341.74,4192.14,3106.21,1857.10
06:08:13,5254.92,4300.30,3269.42,1954.60
06:08:15,4202.94,4152.20,3055.98,1822.96
06:08:17,4260.00,4190.58,3079.60,1835.41
06:08:19,4569.36,4233.17,3354.98,1896.29
06:08:21,4355.88,4273.38,4194.31,1956.72
06:08:23,4193.21,4185.13,3340.02,1864.61
06:08:25,4175.18,4171.14,3140.99,1839.76
06:08:27,4149.57,4173.29,3185.42,1855.37
06:08:29,4148.73,4178.17,3172.02,1834.87
06:08:31,4115.07,4157.39,3168.26,1832.91
06:08:33,4174.44,4171.67,3138.21,1831.37
06:08:35,4145.59,4156.16,3148.57,1838.60
06:08:37,4190.65,4170.14,3153.10,1851.83
06:08:39,4237.52,4180.12,3145.12,1835.22
06:08:41,4157.45,4184.66,3140.88,1815.45
06:08:43,4368.46,4190.13,3198.08,1860.58
06:08:45,4981.11,4277.43,3362.78,1931.70
06:08:47,4120.42,4165.58,3197.18,1843.95
06:08:49,4153.14,4177.47,3150.66,1822.29
06:08:51,4569.34,4238.67,3510.58,1894.00
06:08:53,4300.25,4290.50,4289.30,1960.79
06:08:55,4259.80,4202.26,3240.98,1855.30
06:08:57,4215.53,4174.39,3106.79,1841.21
06:08:59,4185.88,4169.92,3162.27,1855.52
06:09:01,4173.56,4165.71,3129.63,1834.27
06:09:03,4175.96,4168.13,3147.53,1845.73
06:09:05,4204.02,4174.72,3078.98,1809.39
06:09:07,4204.98,4167.45,3100.14,1837.36
06:09:09,4262.61,4162.79,3088.29,1837.78
06:09:11,4235.43,4177.60,3068.14,1818.52
06:09:13,4243.39,4187.08,3106.90,1847.93
06:09:15,4454.02,4193.74,3109.50,1841.82
06:09:17,4168.84,4155.51,3133.75,1849.49
06:09:19,4193.83,4181.17,3085.25,1805.53
06:09:21,4507.04,4202.82,3199.11,1854.37
06:09:23,4169.77,4168.04,3119.77,1830.69
06:09:25,4177.40,4175.34,3125.52,1831.08
06:09:27,4600.81,4261.83,3494.28,1909.20
06:09:29,4304.25,4281.92,4268.24,1958.19
06:09:31,4211.75,4206.59,3505.13,1870.92
06:09:33,4169.34,4169.14,3162.16,1848.74
06:09:35,4182.72,4171.61,3102.17,1811.29
06:09:37,4199.82,4182.85,3142.87,1840.48
06:09:39,4149.47,4147.18,3112.67,1824.24
06:09:41,4333.65,4201.90,3139.46,1836.30
06:09:43,4189.59,4175.00,3127.05,1830.96
06:09:45,4202.34,4181.71,3147.78,1834.69
06:09:47,4681.71,4221.37,3187.73,1888.32
06:09:49,4187.93,4182.08,3155.01,1835.94
06:09:51,4184.76,4173.92,3129.87,1827.92
06:09:53,4817.86,4260.73,3299.76,1914.63
06:09:55,4148.45,4154.53,3139.44,1833.64
06:09:57,4176.05,4180.84,3147.63,1834.28
06:09:59,4467.95,4216.62,3282.41,1865.92
06:10:01,4358.63,4282.67,4208.83,1958.47
06:10:03,4159.55,4206.68,3641.29,1891.60
06:10:05,4138.03,4180.93,3149.07,1811.78
06:10:07,4124.97,4173.09,3168.89,1826.83
06:10:09,4124.21,4168.47,3198.84,1840.28
06:10:11,4086.04,4153.06,3206.13,1839.39
06:10:13,4265.99,4196.26,3199.07,1846.88
06:10:15,4139.52,4181.66,3201.95,1840.50
06:10:17,4098.50,4153.75,3199.92,1843.86
06:10:19,4598.18,4215.79,3240.25,1884.01
06:10:21,4115.24,4175.18,3170.14,1825.61
06:10:23,4122.44,4176.48,3181.19,1837.51
06:10:25,4665.37,4234.78,3292.73,1888.86
06:10:27,4179.69,4183.10,3186.88,1845.18
06:10:29,4120.49,4176.36,3147.98,1814.01
06:10:31,4350.82,4209.14,3264.45,1860.01
06:10:33,4335.32,4249.37,4161.40,1963.06
06:10:35,4178.88,4223.27,3740.48,1885.03
06:10:37,4107.40,4156.83,3155.13,1827.71
06:10:39,4146.57,4173.47,3155.27,1834.56
06:10:41,4129.94,4143.09,3129.27,1828.77
06:10:43,4161.19,4170.47,3136.71,1837.36
06:10:45,4300.61,4187.02,3140.03,1838.44
06:10:47,4164.80,4169.59,3140.75,1835.35
06:10:49,4125.09,4151.30,3124.94,1820.75
06:10:51,4690.57,4245.14,3179.27,1871.89
06:10:53,4116.38,4155.92,3139.31,1826.05
06:10:55,4154.30,4174.52,3134.88,1819.89
06:10:57,4585.24,4223.21,3239.39,1878.72
06:10:59,4363.70,4205.73,3162.98,1840.90
06:11:01,4176.67,4180.83,3095.55,1808.31
06:11:03,4288.05,4179.29,3127.32,1834.81
06:11:05,4499.09,4273.89,4041.24,1951.61
06:11:07,4255.87,4251.88,3841.46,1911.88
06:11:09,4197.64,4179.16,3089.80,1820.94
06:11:11,4155.35,4141.69,3109.77,1832.23
06:11:13,4233.77,4181.52,3103.31,1841.77
06:11:15,4236.02,4182.67,3055.96,1815.43
06:11:17,4390.05,4197.89,3062.30,1832.39
06:11:19,4222.47,4162.20,3046.83,1809.44
06:11:21,4233.70,4168.92,3067.55,1823.17
06:11:23,4462.21,4186.52,3086.72,1845.64
06:11:25,4245.92,4175.82,3052.22,1818.60
06:11:27,4207.65,4153.84,3053.28,1825.60
06:11:29,4831.82,4245.16,3198.03,1891.85
06:11:31,4226.30,4175.30,3035.12,1811.03
06:11:33,4229.19,4168.18,3071.16,1838.43
06:11:35,4548.97,4212.72,3366.23,1895.13
06:11:37,4361.54,4284.79,4184.19,1946.98
06:11:39,4243.40,4200.13,3261.17,1835.63
06:11:41,4219.84,4172.98,3054.47,1813.18
06:11:43,4196.80,4157.52,3098.42,1839.93
06:11:45,4195.29,4169.53,3059.43,1803.30
06:11:47,4171.38,4165.57,3113.71,1831.65
06:11:49,4330.86,4187.83,3091.48,1828.64
06:11:51,4170.91,4153.90,3080.49,1814.52
06:11:53,4188.15,4166.12,3079.58,1817.51
06:11:55,4696.36,4230.88,3127.45,1862.80
06:11:57,4186.31,4153.38,3084.71,1832.64
06:11:59,4213.83,4158.43,3058.63,1816.05
06:12:01,4845.01,4259.24,3180.75,1875.42
06:12:03,4231.87,4173.84,3071.77,1836.06
06:12:05,4218.99,4164.11,3069.81,1828.14
06:12:07,4488.40,4202.44,3302.11,1888.63
06:12:09,4451.41,4286.97,4083.12,1936.43
06:12:11,4272.16,4225.10,3509.58,1873.92
06:12:13,4204.15,4157.34,3066.12,1823.48
06:12:15,4217.10,4166.82,3071.23,1818.77
06:12:17,4221.73,4181.25,3087.16,1829.33
06:12:19,4186.93,4171.14,3095.09,1826.28
06:12:21,4313.87,4184.39,3112.22,1832.67
06:12:23,4172.11,4163.33,3123.17,1835.89
06:12:25,4199.32,4184.79,3109.49,1826.27
06:12:27,4697.55,4237.07,3174.96,1888.13
06:12:29,4181.93,4170.38,3088.81,1815.35
06:12:31,4193.35,4172.26,3095.75,1822.29
06:12:33,4826.32,4261.81,3202.83,1887.75
06:12:35,4225.54,4164.34,3085.82,1832.98
06:12:37,4245.98,4173.68,3066.58,1838.85
06:12:39,4392.43,4200.07,3209.55,1849.13
06:12:41,4612.48,4309.47,3969.58,1943.84
06:12:43,4302.20,4218.89,3588.31,1898.35
06:12:45,4271.54,4169.00,3003.50,1819.43
06:12:47,4294.61,4180.97,3028.42,1841.53
06:12:49,4282.22,4168.52,2978.22,1814.39
06:12:51,4281.65,4169.36,3024.34,1840.46
06:12:53,4398.67,4173.44,3022.05,1849.70
06:12:55,4313.35,4185.88,2997.73,1824.61
06:12:57,4289.26,4170.37,3016.86,1843.39
06:12:59,4798.85,4228.49,3086.02,1893.16
06:13:01,4282.19,4164.53,2975.10,1810.16
06:13:03,4295.64,4174.71,3031.34,1848.24
06:13:05,4769.98,4232.31,3121.26,1888.16
06:13:07,4405.61,4177.52,3046.14,1852.62
06:13:09,4281.68,4165.60,2976.84,1816.66
06:13:11,4396.96,4197.93,3100.39,1849.00
06:13:13,4642.77,4286.48,3920.05,1963.47
06:13:15,4321.59,4226.69,3718.34,1907.05
06:13:17,4259.21,4160.38,3016.73,1824.81
06:13:19,4288.75,4188.14,3022.30,1824.04
06:13:21,4265.88,4174.42,3038.98,1825.51
06:13:23,4266.96,4179.65,3061.01,1838.27
06:13:25,4386.33,4183.60,3068.89,1840.31
06:13:27,4276.59,4191.51,3065.88,1839.13
06:13:29,4250.54,4179.47,3074.45,1829.89
06:13:31,4734.92,4233.24,3093.26,1865.31
06:13:33,4273.11,4173.12,3080.69,1841.35
06:13:35,4277.01,4182.44,3046.30,1819.24
06:13:37,4630.96,4227.63,3151.33,1876.87
06:13:39,4511.73,4202.67,3124.72,1862.33
06:13:41,4269.64,4178.18,3068.65,1835.22
06:13:43,4291.32,4176.78,3054.54,1837.74
06:13:45,4679.23,4286.91,3901.24,1962.81
06:13:47,4324.04,4252.56,3881.82,1925.69
06:13:49,4295.27,4183.44,3022.57,1827.33
06:13:51,4274.10,4167.21,3010.62,1827.71
06:13:53,4278.96,4165.64,3052.43,1858.26
06:13:55,4301.23,4182.12,2986.95,1809.73
06:13:57,4444.42,4199.37,3010.93,1838.25
06:13:59,4267.73,4155.71,3027.02,1834.12
06:14:01,4302.98,4178.03,3020.33,1830.83
06:14:03,4633.20,4214.61,3027.32,1852.10
06:14:05,4461.11,4201.68,3029.79,1844.62
06:14:07,4282.81,4169.24,3015.38,1836.28
06:14:09,4568.26,4211.80,3061.57,1862.71
06:14:11,4648.48,4221.89,3117.56,1863.94
06:14:13,4304.52,4179.54,3024.53,1836.09
06:14:15,4255.35,4151.40,3009.02,1821.33
06:14:17,4719.82,4281.86,3739.70,1952.25
06:14:19,4339.17,4244.48,3966.53,1927.97
06:14:21,4298.16,4176.43,3011.31,1828.67
06:14:23,4289.87,4169.69,3084.96,1856.48
06:14:25,4311.07,4183.09,3016.25,1819.60
06:14:27,4280.88,4167.64,3023.70,1838.45
06:14:29,4295.58,4181.41,3002.66,1817.44
06:14:31,4326.78,4158.86,3008.24,1827.22
06:14:33,4271.94,4165.56,3033.06,1840.52
06:14:35,4510.62,4174.35,3000.16,1829.19
06:14:37,4293.80,4177.20,3009.32,1833.90
06:14:39,4302.82,4195.82,3008.03,1826.15
06:14:41,4505.18,4195.93,3032.17,1823.87
06:14:43,4293.78,4178.61,3004.76,1829.29
06:14:45,4281.43,4172.37,3005.93,1821.36
06:14:47,4384.28,4187.33,3040.40,1840.80
06:14:49,4296.82,4185.57,2986.40,1808.13
06:14:51,4502.44,4209.93,3506.00,1861.42
06:14:53,4317.35,4226.27,3427.01,1883.54
06:14:55,4298.07,4183.76,3045.60,1834.95
06:14:57,4269.25,4176.49,3016.77,1827.37
06:14:59,4328.57,4187.43,3007.47,1832.42
06:15:01,4273.64,4164.25,2994.97,1812.06
06:15:03,4297.17,4178.78,3038.05,1843.81
06:15:05,4454.72,4203.79,3018.54,1829.75
06:15:07,4288.53,4172.56,3017.06,1829.69
06:15:09,4282.49,4170.72,2972.88,1803.04
06:15:11,5159.06,4292.65,3135.58,1910.68
06:15:13,4439.45,4200.84,3058.36,1845.20
06:15:15,4289.70,4168.41,2983.39,1810.30
06:15:17,4445.66,4183.71,3038.52,1848.55
06:15:19,4302.24,4185.66,2994.26,1814.13
06:15:21,4293.99,4176.88,2990.67,1809.37
06:15:23,4441.96,4215.25,3330.33,1876.08
06:15:25,4605.69,4290.55,3933.43,1937.53
06:15:27,4318.52,4224.53,3439.45,1861.79
06:15:29,4271.30,4172.62,3001.89,1814.45
06:15:31,4284.67,4166.58,3000.54,1816.91
06:15:33,4269.58,4174.91,3030.98,1833.06
06:15:35,4253.00,4165.38,2998.38,1808.39
06:15:37,4394.99,4188.06,3029.15,1832.74
06:15:39,4241.15,4162.89,3008.99,1810.43
06:15:41,4279.07,4178.95,3025.38,1827.86
06:15:43,4989.48,4276.25,3114.93,1885.74
06:15:45,4511.45,4198.27,3072.40,1851.83
06:15:47,4267.29,4162.01,2988.20,1814.95
06:15:49,4358.77,4176.37,3016.63,1830.32
06:15:51,4377.58,4189.19,2997.65,1824.44
06:15:53,4281.86,4170.15,3010.74,1832.79
06:15:55,4391.52,4209.44,3209.01,1835.92
06:15:57,4633.53,4280.61,3905.08,1955.21
06:15:59,4359.98,4241.29,3503.29,1862.19
06:16:01,4274.07,4169.76,3010.45,1821.88
06:16:03,4257.60,4161.23,3043.99,1842.00
06:16:05,4300.65,4182.49,3001.15,1819.08
06:16:07,4260.97,4168.09,3014.59,1821.85
06:16:09,4393.76,4181.22,3030.24,1836.64
06:16:11,4287.88,4189.49,3050.06,1830.36
06:16:13,4250.66,4178.25,3054.79,1836.21
06:16:15,4851.30,4253.09,3129.72,1886.06
06:16:17,4568.00,4209.20,3152.46,1870.56
06:16:19,4245.46,4176.55,3060.59,1833.34
06:16:21,4245.57,4170.74,3027.64,1815.49
06:16:23,4431.93,4206.89,3099.76,1855.39
06:16:25,4215.78,4153.36,3035.97,1817.46
06:16:27,4318.36,4195.36,3171.57,1856.85
06:16:29,4586.17,4300.37,3953.87,1940.16
06:16:31,4407.48,4255.16,3648.54,1902.74
06:16:33,4232.60,4152.99,3022.70,1827.10
06:16:35,4289.15,4186.23,3018.57,1823.59
06:16:37,4277.58,4170.87,3018.47,1830.57
06:16:39,4292.31,4185.15,3013.07,1823.41
06:16:41,4393.12,4176.53,2999.46,1819.87
06:16:43,4288.88,4183.99,3034.25,1834.06
06:16:45,4264.49,4171.70,3007.19,1815.86
06:16:47,4763.67,4243.32,3094.52,1887.26
06:16:49,4748.25,4234.90,3129.67,1868.64
06:16:51,4264.41,4173.31,3026.34,1824.51
06:16:53,4257.11,4177.03,3047.18,1834.51
06:16:55,4417.88,4190.66,3059.71,1837.70
06:16:57,4247.93,4170.48,3043.76,1832.46
06:16:59,4244.36,4177.28,3085.51,1828.32
06:17:01,4623.71,4301.07,3943.09,1946.89
06:17:03,4372.10,4240.33,3823.89,1939.26
06:17:05,4249.64,4174.38,3036.82,1817.72
06:17:07,4252.25,4176.41,3040.84,1824.12
06:17:09,4261.96,4177.58,3034.59,1818.49
06:17:11,4232.46,4161.80,3043.44,1821.94
06:17:13,4396.49,4194.77,3064.64,1847.17
06:17:15,4268.45,4172.65,3037.63,1833.70
06:17:17,4268.69,4164.50,3042.07,1840.85
06:17:19,4583.85,4195.72,3079.72,1865.52
06:17:21,4896.84,4252.98,3152.96,1890.56
06:17:23,4279.53,4173.36,3046.94,1841.61
06:17:25,4299.03,4181.44,3031.06,1836.20
06:17:27,4461.35,4192.20,3050.64,1854.00
06:17:29,4284.90,4168.26,2990.51,1817.32
06:17:31,4310.94,4185.13,2999.19,1815.31
06:17:33,4590.63,4284.01,3894.00,1957.95
06:17:35,4490.24,4244.01,3800.29,1923.53
06:17:37,4305.28,4182.26,2987.48,1819.22
06:17:39,4289.50,4176.33,2975.28,1809.25
06:17:41,4302.21,4178.67,3018.09,1830.58
06:17:43,4287.06,4177.21,3013.47,1826.56
06:17:45,4286.38,4176.46,3013.56,1827.93
06:17:47,4423.38,4195.73,3022.94,1837.68
06:17:49,4280.65,4172.66,2997.98,1810.23
06:17:51,4466.35,4192.85,3050.44,1838.67
06:17:53,5037.63,4273.14,3183.78,1917.33
06:17:55,4240.47,4160.11,3007.21,1810.63
06:17:57,4261.78,4181.13,3046.19,1827.12
06:17:59,4420.77,4189.04,3083.92,1842.78
06:18:01,4260.09,4183.54,3052.56,1826.65
06:18:03,4247.32,4177.89,3055.44,1831.70
06:18:05,4526.94,4260.02,3762.30,1922.73
06:18:07,4442.59,4261.89,4031.88,1962.51
06:18:09,4256.07,4184.90,3070.83,1831.43
06:18:11,4238.51,4169.88,3075.32,1833.61
06:18:13,4226.54,4162.17,3059.20,1827.61
06:18:15,4221.40,4166.33,3052.16,1824.43
06:18:17,4246.09,4175.31,3101.40,1851.61
06:18:19,4370.74,4182.69,3069.19,1856.01
06:18:21,4234.21,4169.68,3056.40,1830.54
06:18:23,4283.54,4164.16,3087.64,1846.83
06:18:25,5114.68,4280.13,3243.81,1927.42
06:18:27,4220.71,4162.08,3073.04,1837.19
06:18:29,4230.94,4164.01,3073.52,1838.63
06:18:31,4407.40,4186.71,3078.96,1841.61
06:18:33,4243.02,4172.29,3085.63,1843.38
06:18:35,4212.86,4153.51,3058.89,1827.20
06:18:37,4481.45,4246.29,3692.57,1930.12
06:18:39,4450.70,4251.42,4049.90,1948.52
06:18:41,4232.34,4172.98,3123.62,1832.21
06:18:43,4197.04,4148.33,3084.86,1836.03
06:18:45,4257.13,4177.45,3051.74,1823.30
06:18:47,4219.04,4165.14,3066.40,1833.73
06:18:49,4236.76,4171.30,3067.14,1829.11
06:18:51,4360.69,4175.51,3078.42,1838.97
06:18:53,4248.11,4168.93,3063.11,1833.56
06:18:55,4219.01,4157.34,3056.93,1819.97
06:18:57,5177.55,4286.62,3241.54,1934.60
06:18:59,4253.01,4178.91,3062.99,1826.56
06:19:01,4237.84,4178.40,3046.85,1815.46
06:19:03,4411.86,4196.25,3153.79,1878.26
06:19:05,4208.89,4155.53,3045.15,1816.09
06:19:07,4235.34,4166.91,3073.28,1837.12
06:19:09,4387.16,4221.68,3567.91,1879.37
06:19:11,4558.44,4286.64,4029.02,1962.07
06:19:13,4249.20,4176.07,3226.22,1837.00
06:19:15,4226.03,4164.83,3071.74,1829.72
06:19:17,4231.04,4162.98,3051.11,1824.26
06:19:19,4226.05,4162.93,3087.60,1843.86
06:19:21,4218.43,4155.81,3026.25,1808.88
06:19:23,4393.47,4186.42,3110.27,1880.20
06:19:25,4228.51,4153.53,3010.91,1826.25
06:19:27,4243.37,4164.93,3074.51,1843.28
06:19:29,5108.05,4270.88,3176.17,1899.27
06:19:31,4346.51,4190.74,3075.17,1836.22
06:19:33,4240.34,4166.76,3041.05,1828.94
06:19:35,4419.21,4183.47,3080.73,1851.10
06:19:37,4236.98,4156.84,3052.88,1831.04
06:19:39,4252.88,4167.39,3040.41,1826.52
06:19:41,4350.57,4218.87,3479.91,1872.89
06:19:43,4596.72,4275.20,3948.14,1960.03
06:19:45,4288.06,4187.32,3348.20,1851.35
06:19:47,4245.54,4170.88,3032.97,1820.79
06:19:49,4247.50,4165.80,3033.14,1815.22
06:19:51,4232.74,4171.09,3054.60,1824.39
06:19:53,4227.00,4160.20,3052.47,1822.21
06:19:55,4389.32,4193.56,3062.65,1833.54
06:19:57,4221.87,4158.92,3070.69,1833.28
06:19:59,4231.89,4165.15,3045.06,1814.56
06:20:01,4945.99,4253.52,3226.49,1918.95
06:20:03,4468.27,4202.21,3087.95,1850.68
06:20:05,4252.89,4178.65,3082.45,1839.77
06:20:07,4355.53,4176.01,3068.94,1835.93
06:20:09,4287.70,4180.92,3111.05,1854.63
06:20:11,4267.96,4196.80,3103.13,1890.05
06:20:13,4263.42,4180.03,3415.72,1894.37
06:20:15,4572.38,4281.14,3933.85,1926.65
06:20:17,4341.78,4223.29,3482.53,1882.52
06:20:19,4220.17,4161.47,3037.71,1809.81
06:20:21,4233.61,4169.31,3069.08,1829.61
06:20:23,4243.10,4170.28,3047.29,1819.36
06:20:25,4253.71,4179.68,3039.41,1814.23
06:20:27,4370.04,4183.09,3056.06,1836.46
06:20:29,4242.13,4172.29,3051.60,1823.61
06:20:31,4234.00,4165.41,3018.28,1805.14
06:20:33,4848.27,4254.42,3186.78,1904.44
06:20:35,4592.78,4206.10,3083.51,1858.74
06:20:37,4242.04,4164.44,3063.44,1840.68
06:20:39,4225.65,4156.56,3025.10,1810.81
06:20:41,4426.97,4195.46,3083.42,1849.72
06:20:43,4234.02,4153.46,3039.97,1831.77
06:20:45,4276.06,4184.52,3236.33,1848.65
06:20:47,4612.10,4288.64,3936.60,1950.26
06:20:49,4387.25,4240.37,3590.49,1888.48
06:20:51,4255.52,4172.62,3059.30,1839.56
06:20:53,4235.60,4162.87,3073.47,1847.72
06:20:55,4249.93,4158.60,3043.57,1829.17
06:20:57,4241.64,4162.36,3061.61,1839.01
06:20:59,4383.30,4187.09,3060.61,1840.27
06:21:01,4254.10,4176.44,3042.04,1821.18
06:21:03,4222.94,4155.09,3067.67,1837.75
06:21:05,4712.42,4240.72,3173.19,1877.57
06:21:07,4731.42,4225.19,3114.14,1881.10
06:21:09,4223.74,4159.40,3078.34,1835.81
06:21:11,4234.02,4163.56,3069.62,1830.26
06:21:13,4404.19,4188.98,3100.21,1853.87
06:21:15,4202.80,4149.62,3051.25,1823.49
06:21:17,4299.99,4192.93,3112.59,1848.38
06:21:19,4530.95,4285.56,4005.73,1941.12
06:21:21,4400.55,4244.01,3694.76,1899.21
06:21:23,4236.30,4170.01,3091.57,1851.86
06:21:25,4256.02,4173.33,3063.93,1832.58
06:21:27,4254.20,4166.39,3049.58,1830.38
06:21:29,4249.80,4172.25,3047.61,1824.94
06:21:31,4367.81,4179.28,3028.72,1820.11
06:21:33,4239.74,4175.41,3076.76,1841.98
06:21:35,4247.47,4173.75,3016.59,1800.45
06:21:37,4613.63,4227.16,3150.30,1873.85
06:21:39,4880.06,4249.56,3123.81,1885.80
06:21:41,4260.11,4174.98,3056.82,1830.81
06:21:43,4258.88,4170.63,3042.00,1825.70
06:21:45,4380.88,4174.09,3101.37,1852.24
06:21:47,4239.22,4160.26,3041.07,1830.78
06:21:49,4222.23,4166.73,3057.63,1823.67
06:21:51,4542.84,4284.14,3943.44,1938.68
06:21:53,4452.19,4245.24,3826.92,1934.53
06:21:55,4242.08,4173.33,3057.14,1823.76
06:21:57,4193.31,4154.13,3089.82,1837.80
06:21:59,4229.92,4172.35,3100.83,1841.24
06:22:01,4190.57,4147.72,3078.82,1829.83
06:22:03,4263.66,4181.99,3106.15,1845.00
06:22:05,4275.16,4171.87,3080.89,1823.95
06:22:07,4221.68,4187.17,3108.39,1839.14
06:22:09,4391.59,4197.11,3180.85,1868.16
06:22:11,4945.29,4267.47,3204.68,1896.39
06:22:13,4162.88,4158.15,3105.85,1822.34
06:22:15,4190.52,4170.92,3117.91,1826.73
06:22:17,4309.92,4165.99,3134.74,1854.85
06:22:19,4190.68,4179.15,3122.18,1835.19
06:22:21,4177.42,4170.57,3078.64,1806.36
06:22:23,4419.85,4267.31,3944.70,1948.07
06:22:25,4421.84,4250.04,3944.42,1923.98
06:22:27,4196.76,4176.89,3129.80,1841.56
06:22:29,4154.90,4158.07,3099.59,1815.40
06:22:31,4192.93,4168.43,3123.13,1836.33
06:22:33,4177.36,4158.47,3101.11,1831.84
06:22:35,4187.37,4171.53,3126.68,1840.05
06:22:37,4308.05,4173.97,3094.34,1830.57
06:22:39,4174.17,4164.04,3120.36,1837.71
06:22:41,4289.35,4174.67,3097.19,1826.23
06:22:43,5020.61,4269.41,3304.46,1941.61
06:22:45,4190.28,4168.64,3069.63,1800.33
06:22:47,4157.78,4145.37,3127.05,1845.29
06:22:49,4367.99,4191.97,3120.06,1834.51
06:22:51,4159.45,4154.30,3111.80,1835.43
06:22:53,4197.15,4176.23,3115.04,1834.55
06:22:55,4335.20,4232.47,3809.30,1909.66
06:22:57,4519.86,4283.40,4036.96,1960.59
06:22:59,4180.74,4165.33,3116.45,1818.34
06:23:01,4191.41,4173.14,3110.20,1821.12
06:23:03,4169.76,4152.17,3121.46,1836.30
06:23:05,4187.98,4176.45,3117.06,1825.99
06:23:07,4156.14,4157.10,3101.52,1824.63
06:23:09,4321.43,4188.72,3116.33,1832.25
06:23:11,4171.69,4163.78,3122.39,1830.72
06:23:13,4158.19,4164.71,3141.63,1838.58
06:23:15,5103.17,4279.19,3292.52,1921.68
06:23:17,4149.02,4163.17,3136.48,1829.37
06:23:19,4125.91,4153.00,3117.36,1813.99
06:23:21,4331.84,4196.60,3153.79,1836.16
06:23:23,4118.02,4143.93,3136.98,1832.03
06:23:25,4149.98,4165.90,3129.26,1821.42
06:23:27,4281.90,4215.70,3719.32,1901.31
06:23:29,4504.06,4295.27,4035.98,1937.69
06:23:31,4165.55,4177.65,3292.97,1846.36
06:23:33,4142.75,4166.64,3142.64,1827.50
06:23:35,4124.83,4150.83,3140.67,1822.40
06:23:37,4143.86,4170.78,3143.73,1826.33
06:23:39,4095.32,4154.76,3181.63,1836.06
06:23:41,4257.25,4176.57,3174.64,1841.91
06:23:43,4099.53,4151.22,3181.87,1842.77
06:23:45,4133.99,4173.67,3133.21,1812.89
06:23:47,5034.46,4280.52,3348.76,1941.81
06:23:49,4133.03,4154.94,3151.87,1813.91
06:23:51,4103.37,4150.85,3167.75,1832.67
06:23:53,4309.29,4194.64,3177.17,1838.26
06:23:55,4127.38,4164.57,3164.47,1829.17
06:23:57,4121.05,4151.56,3149.62,1832.82
06:23:59,4284.67,4222.37,3607.11,1887.79
06:24:01,4445.87,4278.58,4096.63,1949.44
06:24:03,4207.75,4190.66,3405.57,1873.32
06:24:05,4131.00,4161.32,3124.20,1815.50
06:24:07,4142.94,4172.18,3176.67,1842.26
06:24:09,4148.27,4175.23,3141.58,1824.07
06:24:11,4164.11,4172.86,3151.64,1834.83
06:24:13,4257.80,4168.80,3150.18,1842.17
06:24:15,4152.40,4172.19,3144.83,1834.81
06:24:17,4159.69,4175.30,3128.10,1829.33
06:24:19,4926.34,4262.74,3262.81,1901.53
06:24:21,4321.82,4193.31,3170.50,1841.82
06:24:23,4136.07,4165.38,3138.46,1828.29
06:24:25,4340.38,4193.45,3157.72,1844.49
06:24:27,4141.63,4155.42,3133.58,1839.39
06:24:29,4108.65,4139.11,3162.41,1845.33
06:24:31,4217.53,4190.01,3482.92,1869.05
06:24:33,4438.50,4274.95,4119.75,1964.81
06:24:35,4284.05,4208.81,3440.25,1859.39
06:24:37,4128.22,4164.23,3190.25,1856.12
06:24:39,4121.86,4156.81,3133.28,1819.12
06:24:41,4158.33,4171.67,3174.34,1840.57
06:24:43,4121.04,4159.58,3129.90,1811.20
06:24:45,4237.63,4170.87,3208.04,1854.69
06:24:47,4101.69,4158.88,3158.41,1823.70
06:24:49,4107.02,4161.02,3188.44,1838.64
06:24:51,4764.56,4242.42,3290.72,1898.17
06:24:53,4398.18,4206.54,3269.78,1879.26
06:24:56,4111.09,4168.62,3145.51,1808.98
06:24:58,4168.02,4173.92,3209.17,1853.36
06:25:00,4259.48,4188.36,3174.90,1825.19
06:25:02,4118.29,4170.59,3190.00,1837.06
06:25:04,4179.23,4188.92,3388.06,1857.37
06:25:06,4394.20,4276.06,4164.20,1959.70
06:25:08,4316.43,4219.59,3576.39,1879.55
06:25:10,4137.33,4162.42,3154.45,1831.97
06:25:12,4173.39,4175.46,3140.85,1823.93
06:25:14,4150.69,4159.42,3176.21,1853.34
06:25:16,4217.56,4200.46,3228.93,1870.32
06:25:18,4274.41,4173.76,3143.26,1840.23
06:25:20,4157.54,4167.41,3126.54,1821.00
06:25:22,4153.55,4157.30,3136.29,1828.31
06:25:24,4689.92,4238.01,3276.87,1905.75
06:25:26,4587.93,4209.53,3170.70,1860.96
06:25:28,4165.85,4164.22,3134.72,1836.40
06:25:30,4188.68,4166.16,3077.86,1804.78
06:25:32,4372.62,4189.67,3175.86,1874.74
06:25:34,4177.91,4150.55,3064.56,1814.00
06:25:36,4250.67,4173.68,3203.55,1858.02
06:25:38,4469.24,4275.81,4075.34,1953.07
06:25:40,4387.55,4222.40,3698.08,1920.89
06:25:42,4194.78,4162.88,3057.54,1805.95
06:25:44,4191.93,4156.85,3124.51,1850.17
06:25:46,4189.76,4155.79,3085.73,1822.47
06:25:48,4173.96,4152.11,3151.67,1859.94
06:25:50,4323.37,4181.42,3097.53,1828.26
06:25:52,4182.82,4164.38,3124.41,1840.04
06:25:54,4179.10,4160.89,3083.76,1823.72
06:25:56,4572.47,4225.25,3203.10,1871.08
06:25:58,4743.53,4243.01,3195.35,1881.91
06:26:00,4171.75,4159.60,3127.46,1831.23
06:26:02,4168.76,4162.01,3111.48,1824.94
06:26:04,4351.80,4188.02,3170.88,1862.27
06:26:06,4178.86,4170.99,3097.31,1815.16
06:26:08,4170.43,4166.33,3126.08,1838.76
06:26:10,4489.94,4305.15,4085.51,1954.46
06:26:12,4416.54,4260.41,3799.96,1910.21
06:26:14,4178.65,4173.00,3121.05,1829.27
06:26:16,4168.64,4165.18,3093.90,1815.88
06:26:18,4168.45,4159.10,3134.76,1843.61
06:26:20,4163.09,4159.71,3094.49,1814.37
06:26:22,4274.20,4185.07,3134.55,1843.33
06:26:24,4226.22,4174.25,3086.72,1819.33
06:26:26,4191.49,4172.64,3145.75,1850.04
06:26:28,4445.43,4203.24,3143.56,1836.26
06:26:30,4854.63,4244.74,3242.48,1916.43
06:26:32,4187.80,4175.13,3098.34,1816.19
06:26:34,4160.77,4150.58,3155.17,1861.60
06:26:36,4344.31,4189.63,3108.28,1816.76
06:26:38,4146.52,4152.34,3173.97,1863.09
06:26:40,4167.43,4170.92,3099.93,1816.88
06:26:42,4389.53,4261.84,4015.17,1951.31
06:26:44,4494.43,4274.75,3887.52,1930.55
06:26:46,4176.59,4164.31,3113.72,1830.54
06:26:48,4191.29,4184.11,3135.59,1837.52
06:26:50,4145.60,4154.54,3138.69,1841.02
06:26:52,4190.69,4179.93,3115.61,1825.24
06:26:54,4165.13,4162.40,3121.46,1838.78
06:26:56,4319.37,4204.80,3133.62,1830.11
06:26:58,4136.79,4161.37,3144.63,1838.64
06:27:00,4327.44,4201.58,3162.17,1839.93
06:27:02,4978.34,4269.55,3281.61,1924.00
06:27:04,4141.79,4168.44,3166.26,1842.15
06:27:06,4105.13,4150.87,3140.27,1820.56
06:27:08,4302.27,4191.38,3195.01,1849.74
06:27:10,4091.56,4147.35,3167.36,1828.77
06:27:12,4119.17,4168.05,3190.04,1834.74
06:27:14,4277.88,4236.02,3923.33,1919.87
06:27:16,4444.37,4269.91,4046.93,1931.32
06:27:18,4108.33,4159.50,3188.15,1840.69
06:27:20,4110.86,4165.16,3181.70,1833.77
06:27:22,4095.65,4147.07,3161.52,1820.98
06:27:24,4085.39,4147.25,3182.01,1833.50
06:27:26,4096.09,4156.46,3179.69,1829.37
06:27:28,4262.07,4191.68,3198.59,1845.44
06:27:30,4097.26,4155.06,3166.25,1819.91
06:27:32,4120.56,4160.88,3161.45,1814.37
06:27:34,5045.45,4289.67,3371.36,1939.41
06:27:36,4101.59,4159.95,3178.50,1830.25
06:27:38,4086.88,4148.98,3184.85,1837.81
06:27:40,4255.69,4169.32,3198.97,1838.74
06:27:42,4106.41,4164.40,3176.54,1826.36
06:27:44,4111.56,4166.33,3185.47,1837.71
06:27:46,4249.51,4218.64,3788.79,1896.18
06:27:48,4423.33,4278.40,4104.71,1951.97
06:27:50,4167.32,4183.44,3237.81,1833.64
06:27:52,4104.41,4156.03,3171.14,1829.78
06:27:54,4128.87,4157.15,3166.19,1831.63
06:27:56,4121.33,4165.94,3145.42,1816.12
06:27:58,4135.38,4179.90,3175.10,1838.35
06:28:00,4282.72,4195.90,3187.76,1848.68
06:28:02,4105.55,4154.20,3151.89,1824.53
06:28:04,4134.97,4175.81,3182.26,1840.62
06:28:06,5103.04,4307.39,3316.14,1915.48
06:28:08,4116.98,4152.87,3146.51,1833.27
06:28:10,4147.00,4173.63,3139.48,1822.46
06:28:12,4306.83,4183.40,3169.53,1843.43
06:28:14,4170.60,4192.92,3151.42,1834.45
06:28:16,4173.55,4176.45,3191.04,1848.32
06:28:18,4303.19,4232.83,3630.26,1887.07
06:28:20,4458.75,4277.97,4040.16,1941.93
06:28:22,4243.54,4216.40,3343.68,1841.94
06:28:24,4129.85,4149.77,3139.53,1840.17
06:28:26,4198.57,4188.61,3106.77,1819.07
06:28:28,4156.01,4169.00,3146.03,1842.69
06:28:30,4189.44,4190.47,3105.05,1817.85
06:28:32,4276.20,4166.69,3130.15,1839.32
06:28:34,4173.98,4175.50,3115.04,1822.78
06:28:36,4156.74,4171.62,3143.67,1840.31
06:28:38,5002.76,4290.98,3281.48,1914.02
06:28:40,4270.40,4171.18,3143.35,1836.50
06:28:42,4163.29,4169.59,3102.86,1810.32
06:28:44,4317.97,4186.17,3194.45,1862.97
06:28:46,4175.50,4176.15,3101.28,1808.52
06:28:48,4130.00,4154.76,3156.03,1845.44
06:28:50,4261.69,4210.88,3494.05,1860.43
06:28:52,4455.59,4280.07,4095.86,1959.13
06:28:54,4255.24,4207.51,3466.55,1876.33
06:28:56,4126.38,4148.50,3114.73,1816.12
06:28:58,4168.59,4176.96,3145.47,1829.22
06:29:00,4176.99,4181.34,3138.77,1828.72
06:29:02,4152.41,4175.22,3148.00,1834.33
06:29:04,4272.47,4172.94,3184.87,1860.91
06:29:06,4131.17,4163.67,3144.90,1825.72
06:29:08,4151.01,4178.08,3149.95,1828.65
06:29:10,4788.50,4240.13,3297.47,1901.58
06:29:12,4417.54,4197.12,3172.54,1850.01
06:29:14,4141.43,4163.92,3176.37,1847.39
06:29:16,4257.64,4205.12,3149.69,1825.13
06:29:18,4215.92,4168.27,3166.54,1848.42
06:29:20,4130.79,4164.16,3142.99,1822.45
06:29:22,4222.43,4189.81,3410.14,1874.60
06:29:24,4411.60,4298.58,4159.04,1952.25
06:29:26,4271.67,4197.20,3573.96,1895.70
06:29:28,4149.29,4177.83,3138.34,1820.55
06:29:30,4119.63,4160.43,3139.05,1821.00
06:29:32,4200.74,4187.23,3101.08,1807.57
06:29:34,4114.10,4142.15,3146.01,1837.42
06:29:36,4298.66,4195.59,3128.57,1817.58
06:29:38,4117.12,4154.17,3163.38,1840.27
06:29:40,4155.80,4171.88,3118.11,1812.41
06:29:42,4683.02,4220.97,3260.11,1891.92
06:29:44,4553.71,4226.08,3175.75,1856.72
06:29:46,4092.12,4135.30,3125.48,1824.64
06:29:48,3916.61,3996.23,3129.30,1829.87
06:29:50,3753.24,3713.84,3107.65,1815.23
06:29:52,3383.66,3518.36,2908.26,1709.86
06:29:54,3429.15,3525.99,2921.54,1667.69
06:29:56,3455.61,3480.39,3578.97,1658.94
06:29:58,3451.07,3442.41,3038.41,1598.98
06:30:00,3209.83,3334.01,2421.11,1452.57
06:30:02,3168.44,3302.14,2352.51,1425.37
06:30:04,3009.77,3147.83,2228.61,1369.92
06:30:06,2864.38,3022.34,2125.95,1304.58
06:30:08,2848.04,2918.77,2144.13,1327.69
06:30:10,2550.60,2761.64,2109.43,1305.74
06:30:12,2276.03,2460.95,1889.88,1177.15
06:30:14,2474.54,2287.62,1766.02,1107.14
06:30:16,1945.25,1911.97,1492.51,964.80
06:30:18,1335.93,1491.29,1286.97,844.52
06:30:20,1022.26,1030.21,1027.71,676.74
06:30:22,822.24,860.83,860.24,572.52
06:30:24,594.87,632.58,786.03,530.93
06:30:26,499.10,465.02,879.84,458.29
06:30:28,497.32,416.77,1156.80,400.54
06:30:30,239.44,255.52,283.34,200.95
06:30:32,164.25,179.27,139.24,107.65
06:30:34,120.35,116.47,126.46,84.41
06:30:36,39.08,41.11,60.34,46.31
06:30:38,17.51,15.08,28.01,25.23
06:30:40,13.63,13.78,15.17,15.73
06:30:42,14.18,14.19,22.70,19.94
06:30:44,30.47,15.58,25.00,23.44
06:30:46,14.65,14.22,15.12,15.65
06:30:48,45.62,15.41,21.44,18.32
06:30:50,14.11,14.53,15.78,16.39
06:30:52,13.52,13.72,14.69,15.29
06:30:54,20.88,14.29,15.95,16.28
06:30:56,15.00,14.67,15.58,16.05
06:30:58,13.76,13.90,15.15,15.66
06:31:00,29.91,20.29,49.30,18.37
06:31:02,15.41,15.39,16.30,16.51
06:31:04,14.33,14.53,16.35,16.30
06:31:06,14.81,14.52,15.45,15.96
06:31:08,13.61,13.79,14.91,15.39
06:31:10,13.69,13.87,14.90,15.36
06:31:12,20.36,20.05,20.19,19.32
06:31:14,27.29,30.35,16.51,16.75
06:31:16,14.73,14.48,14.71,15.15
06:31:18,14.92,15.41,17.05,16.81
06:31:20,13.78,14.15,14.68,15.09
06:31:22,13.71,13.97,14.36,14.85
06:31:24,25.68,29.44,21.56,19.29
06:31:26,14.64,14.40,14.55,14.92
06:31:28,14.12,14.63,15.83,16.01
06:31:30,15.70,16.76,18.39,17.19
06:31:32,14.37,14.35,14.63,14.93
06:31:34,17.95,18.63,22.33,20.03
06:31:36,22.11,19.19,25.75,25.77
06:31:38,13.91,14.15,21.33,19.23
06:31:40,14.25,14.52,15.64,15.82
